"set","placement","mode","fixed","variable","allIn"
"adverse","New Corolla Touring Sports: ownership vs long-term rental vs MML","ownership",593,198,792
"adverse","New Corolla Touring Sports: ownership vs long-term rental vs MML","long-term-rental",502,198,701
"adverse","New Corolla Touring Sports: ownership vs long-term rental vs MML","mml",720,198,919
"central","New Corolla Touring Sports: ownership vs long-term rental vs MML","ownership",580,172,752
"central","New Corolla Touring Sports: ownership vs long-term rental vs MML","long-term-rental",492,172,664
"central","New Corolla Touring Sports: ownership vs long-term rental vs MML","mml",582,172,754
"optimistic","New Corolla Touring Sports: ownership vs long-term rental vs MML","ownership",580,146,726
"optimistic","New Corolla Touring Sports: ownership vs long-term rental vs MML","long-term-rental",487,146,632
"optimistic","New Corolla Touring Sports: ownership vs long-term rental vs MML","mml",501,146,647
